,Digit,Mean,Standard Deviation
0,0.0,34632.40755082285,8461.892043158483
1,1.0,15188.466268146884,4409.461697281539
2,2.0,29871.099353603066,7653.006198983366
3,3.0,28320.188002757986,7574.104535679545
4,4.0,24232.72249508841,6374.633457092554
5,5.0,25835.920421607378,7526.602988920305
6,6.0,27734.917331399563,7530.503187255003
7,7.0,22931.244262667577,6168.3408781754315
8,8.0,30184.148412503077,7777.396357381105
9,9.0,24553.75,6465.231330430596
