,Digit,Mean,Standard Deviation
0,0.0,191.74298160696998,33.698980103787704
1,1.0,85.73206660973527,20.00838180253313
2,2.0,168.96791955949246,33.05545467612112
3,3.0,163.5198804872443,33.63446765544457
4,4.0,141.49950884086445,27.91664198219942
5,5.0,152.75546772068512,33.76628606831248
6,6.0,158.2100555958424,32.651863305907156
7,7.0,131.4210406725744,27.0295806537755
8,8.0,173.9734186561654,32.83098795984684
9,9.0,143.25143266475644,28.536828537036964
