,Digit,Mean,Standard Deviation
0,0.0,126.12245885769603,12.832961740095335
1,1.0,80.80187873612297,3.7828589835572153
2,2.0,97.3741920038305,14.800825426338113
3,3.0,95.29487474143875,10.465390704539026
4,4.0,112.63752455795678,11.042258823414132
5,5.0,90.0600790513834,12.839357126813281
6,6.0,105.52961082910322,15.92331622744902
7,7.0,90.68393546921155,10.413244610223787
8,8.0,111.38075313807532,12.616086357227594
9,9.0,103.13801337153772,11.357146329453862
